index,video_id,current_title,proposed_title,video_url,duration,visibility,date,numbering_correction,visual_evidence,demonstration,related_existing_asset,asset_match,next_video_id,next_access,proposed_end_screen_window,timing_status,publication_gate
01/41,XnnoulDfqJU,Lesson 01 | How to Turn an Idea Into a Coding Project You Can Actually Finish,How to Turn an Idea Into a Coding Project You Can Actually Finish | 01/41,https://youtu.be/XnnoulDfqJU,3:21,Public,"Sep 23, 2026",No title/description numbering conflict confirmed in list preview.,"Not inspected: slide numbers, narration, outros and end-screen configuration.","Write a one-user V1 brief with inputs, outputs, constraints and three acceptance checks.",GAP: dedicated companion required,Missing dedicated companion,9aXQdxBc5Jw,Public,3:01–3:21,Calculated final 20 seconds from Studio duration; placement not applied; inspect content first,Next lesson can be linked now
02/41,9aXQdxBc5Jw,Lesson 02 | How to Break Down Any Coding Project So You Don't Get Stuck,How to Break Down Any Coding Project So You Don't Get Stuck | 02/41,https://youtu.be/9aXQdxBc5Jw,4:36,Public,"Sep 30, 2026",No title/description numbering conflict confirmed in list preview.,"Not inspected: slide numbers, narration, outros and end-screen configuration.",Break the Character Finder into six verb-first pseudocode steps; turn each into a Python comment.,GAP: dedicated companion required,Missing dedicated companion,Te9pWZLUc_w,Scheduled,4:16–4:36,Calculated final 20 seconds from Studio duration; placement not applied; inspect content first,Use accessible master Course until next lesson is released
03/41,Te9pWZLUc_w,Lesson 03 | Your First Python Program That Actually Does Something,Your First Python Program That Actually Does Something | 03/41,https://youtu.be/Te9pWZLUc_w,4:33,Scheduled,"Oct 11, 2026",No title/description numbering conflict confirmed in list preview.,"Not inspected: slide numbers, narration, outros and end-screen configuration.",Run a welcome bot with name and character inputs; show the greeting and invalid numeric input.,track-1-python/lesson-03,Related supplementary practice; not a verified scene-for-scene match,7eBXAdz285o,Scheduled,4:13–4:33,Calculated final 20 seconds from Studio duration; placement not applied; inspect content first,Use accessible master Course until next lesson is released
04/41,7eBXAdz285o,Lesson 04 | Python Functions for Beginners — Stop Repeating Your Code,Python Functions for Beginners — Stop Repeating Your Code | 04/41,https://youtu.be/7eBXAdz285o,2:36,Scheduled,"Oct 18, 2026",Confirmed: title says 04; description says Lesson 07.,"Not inspected: slide numbers, narration, outros and end-screen configuration.",Extract clean_input and find_character functions; call each twice and inspect return values.,track-1-python/lesson-06,Related supplementary practice; not a verified scene-for-scene match,QylgNRfU2Sc,Scheduled,2:16–2:36,Calculated final 20 seconds from Studio duration; placement not applied; inspect content first,Use accessible master Course until next lesson is released
05/41,QylgNRfU2Sc,Lesson 05 | How to Make Your Python Program Think - If Else Explained,How to Make Your Python Program Think - If Else Explained | 05/41,https://youtu.be/QylgNRfU2Sc,3:38,Scheduled,"Oct 25, 2026",Confirmed: title says 05; description says Lesson 04.,"Not inspected: slide numbers, narration, outros and end-screen configuration.","Run exact, partial, blank and missing-name searches through if/elif/else.",track-1-python/lesson-04,Related supplementary practice; not a verified scene-for-scene match,1gAW3NwtGcI,Scheduled,3:18–3:38,Calculated final 20 seconds from Studio duration; placement not applied; inspect content first,Use accessible master Course until next lesson is released
06/41,1gAW3NwtGcI,Lesson 06 | Stop Copy Pasting Code - Loops and Lists in Python,Stop Copy Pasting Code - Loops and Lists in Python | 06/41,https://youtu.be/1gAW3NwtGcI,4:37,Scheduled,"Nov 1, 2026",No title/description numbering conflict confirmed in list preview. Description refers to Lesson 04 for prior if logic; current if/else lesson is 05.,"Not inspected: slide numbers, narration, outros and end-screen configuration.",Search a list of character dictionaries with for; repeat with while until q.,track-1-python/lesson-05,Related supplementary practice; not a verified scene-for-scene match,_e58ydegraE,Scheduled,4:17–4:37,Calculated final 20 seconds from Studio duration; placement not applied; inspect content first,Use accessible master Course until next lesson is released
07/41,_e58ydegraE,Lesson 07 | Dictionaries in Python — Model Real Data Without Getting Lost,Dictionaries in Python — Model Real Data Without Getting Lost | 07/41,https://youtu.be/_e58ydegraE,2:05,Scheduled,"Nov 8, 2026",Confirmed: title says 07; description says Lesson 10.,"Not inspected: slide numbers, narration, outros and end-screen configuration.",Normalize a character name and look it up in a dictionary; show missing-key handling.,track-1-python/lesson-07,Related supplementary practice; not a verified scene-for-scene match,gOtNZ4n3NJw,Scheduled,1:45–2:05,Calculated final 20 seconds from Studio duration; placement not applied; inspect content first,Use accessible master Course until next lesson is released
08/41,gOtNZ4n3NJw,Lesson 08 | Save Python Data with JSON — Your Program Remembers After It Closes,Save Python Data with JSON — Your Program Remembers After It Closes | 08/41,https://youtu.be/gOtNZ4n3NJw,2:10,Scheduled,"Nov 15, 2026",Confirmed: title says 08; description says Lesson 09.,"Not inspected: slide numbers, narration, outros and end-screen configuration.","Save character records as JSON, restart, reload and compare records.",track-1-python/lesson-09,Related supplementary practice; not a verified scene-for-scene match,C8cjcmzTpe0,Scheduled,1:50–2:10,Calculated final 20 seconds from Studio duration; placement not applied; inspect content first,Use accessible master Course until next lesson is released
09/41,C8cjcmzTpe0,Lesson 09 | Python Error Handling — Stop Your Program from Crashing on Normal Mistakes,Python Error Handling — Stop Your Program from Crashing on Normal Mistakes | 09/41,https://youtu.be/C8cjcmzTpe0,1:59,Scheduled,"Nov 22, 2026",Confirmed: title says 09; description says Lesson 11.,"Not inspected: slide numbers, narration, outros and end-screen configuration.","Test invalid numeric input, missing files and malformed JSON with targeted exceptions.",track-1-python/lesson-10,Related supplementary practice; not a verified scene-for-scene match,1K9y9eQ7Lvg,Scheduled,1:39–1:59,Calculated final 20 seconds from Studio duration; placement not applied; inspect content first,Use accessible master Course until next lesson is released
10/41,1K9y9eQ7Lvg,Lesson 10 | Debug Python Like a Pro — 5 Beginner Bugs You Need to Recognize,Debug Python Like a Pro — 5 Beginner Bugs You Need to Recognize | 10/41,https://youtu.be/1K9y9eQ7Lvg,2:24,Scheduled,"Nov 29, 2026",Confirmed: title says 10; description says Lesson 08.,"Not inspected: slide numbers, narration, outros and end-screen configuration.","Reproduce five bugs, isolate one at a time, repair and rerun a regression case.",GAP: dedicated companion required,Missing dedicated companion,AMlu8KIOF3c,Scheduled,2:04–2:24,Calculated final 20 seconds from Studio duration; placement not applied; inspect content first,Use accessible master Course until next lesson is released
11/41,AMlu8KIOF3c,Lesson 11 | Build a Python Menu System — Turn Separate Functions into One Usable App,Build a Python Menu System — Turn Separate Functions into One Usable App | 11/41,https://youtu.be/AMlu8KIOF3c,1:57,Scheduled,"Dec 6, 2026",Confirmed: title says 11; description says Lesson 12.,"Not inspected: slide numbers, narration, outros and end-screen configuration.","Build a menu loop with search, list and quit; reject an unknown choice.",GAP: dedicated companion required,Missing dedicated companion,pyEGcV8AHI0,Scheduled,1:37–1:57,Calculated final 20 seconds from Studio duration; placement not applied; inspect content first,Use accessible master Course until next lesson is released
12/41,pyEGcV8AHI0,Lesson 12 | Python Unit Testing for Beginners — Know Your Code Works,Python Unit Testing for Beginners — Know Your Code Works | 12/41,https://youtu.be/pyEGcV8AHI0,1:56,Scheduled,"Dec 13, 2026",Confirmed: title says 12; description says Lesson 13.,"Not inspected: slide numbers, narration, outros and end-screen configuration.","Write unittest cases for a pure search function: exact, absent, blank and case-normalized.",GAP: dedicated companion required,Missing dedicated companion,0B0B3o-eo3M,Scheduled,1:36–1:56,Calculated final 20 seconds from Studio duration; placement not applied; inspect content first,Use accessible master Course until next lesson is released
13/41,0B0B3o-eo3M,Lesson 13 | Plan a Coding Project You Can Actually Finish — Capstone Scope,Plan a Coding Project You Can Actually Finish — Capstone Scope | 13/41,https://youtu.be/0B0B3o-eo3M,2:02,Scheduled,"Oct 11, 2026",Confirmed: title says 13; description says Lesson 15.,"Not inspected: slide numbers, narration, outros and end-screen configuration.","Complete a capstone scope brief with acceptance criteria, exclusions and risks.",track-2-capstone/lesson-14,Related supplementary practice; not a verified scene-for-scene match,Xgz3Qlu_lAY,Scheduled,1:42–2:02,Calculated final 20 seconds from Studio duration; placement not applied; inspect content first,Use accessible master Course until next lesson is released
14/41,Xgz3Qlu_lAY,Lesson 14 | Git and GitHub for Beginners — Turn Your Project into Portfolio Evidence,Git and GitHub for Beginners — Turn Your Project into Portfolio Evidence | 14/41,https://youtu.be/Xgz3Qlu_lAY,2:08,Scheduled,"Dec 20, 2026",No title/description numbering conflict confirmed in list preview.,"Not inspected: slide numbers, narration, outros and end-screen configuration.","Show git status, add, commit and log; push a synthetic project and review README.",track-2-capstone/lesson-13,Related supplementary practice; not a verified scene-for-scene match,d6Cn-dw6i7c,Scheduled,1:48–2:08,Calculated final 20 seconds from Studio duration; placement not applied; inspect content first,Use accessible master Course until next lesson is released
15/41,d6Cn-dw6i7c,Lesson 15 | How to Finish Your Coding Project and Put It on GitHub,How to Finish Your Coding Project and Put It on GitHub | 15/41,https://youtu.be/d6Cn-dw6i7c,3:17,Scheduled,"Nov 1, 2026",No title/description numbering conflict confirmed in list preview. Description calls this the final lesson; clarify that QA and walkthrough follow.,"Not inspected: slide numbers, narration, outros and end-screen configuration.","Clean code, add docstrings and README, run checks and prepare a 30-second demo.",track-2-capstone/lesson-17,Related supplementary practice; not a verified scene-for-scene match,c_j539EXAkM,Scheduled,2:57–3:17,Calculated final 20 seconds from Studio duration; placement not applied; inspect content first,Use accessible master Course until next lesson is released
16/41,c_j539EXAkM,"Lesson 16 | Finish Your Coding Project — Capstone QA, Demo and Portfolio Handoff","Finish Your Coding Project — Capstone QA, Demo and Portfolio Handoff | 16/41",https://youtu.be/c_j539EXAkM,1:58,Scheduled,"Dec 27, 2026",No title/description numbering conflict confirmed in list preview.,"Not inspected: slide numbers, narration, outros and end-screen configuration.","Demonstrate capstone QA evidence, README reproducibility and a portfolio handoff.",track-2-capstone/lesson-16,Related supplementary practice; not a verified scene-for-scene match,AGePQjS-4Ro,Public,1:38–1:58,Calculated final 20 seconds from Studio duration; placement not applied; inspect content first,Next lesson can be linked now
17/41,AGePQjS-4Ro,Lesson 17 | From Idea to Working App: Complete Python Capstone Walkthrough,From Idea to Working App: Complete Python Capstone Walkthrough | 17/41,https://youtu.be/AGePQjS-4Ro,1:04,Public,"Oct 4, 2026",No title/description numbering conflict confirmed in list preview.,"Not inspected: slide numbers, narration, outros and end-screen configuration.",Run a complete sample input through the capstone and show the resulting output.,track-2-capstone/lesson-15,Related supplementary practice; not a verified scene-for-scene match,hdTeJy2eUPs,Private,0:44–1:04,Calculated final 20 seconds from Studio duration; placement not applied; inspect content first,Use accessible master Course until next lesson is released
18/41,hdTeJy2eUPs,Lesson 1.1 | What AI Automation Really Is,What AI Automation Really Is | 18/41,https://youtu.be/hdTeJy2eUPs,1:58,Private,"Oct 5, 2026",Legacy AI module 1.1; use master index 18/41 and retain module label as a subtitle.,"Not inspected: slide numbers, narration, outros and end-screen configuration.",Compare a fixed rule to an AI decision; send uncertainty to review.,track-3-automation/lesson-18,Related supplementary practice; not a verified scene-for-scene match,-EbvGaaua0w,Private,1:38–1:58,Calculated final 20 seconds from Studio duration; placement not applied; inspect content first,Use accessible master Course until next lesson is released
19/41,-EbvGaaua0w,Lesson 1.2 | The Essential AI Tool Stack,The Essential AI Tool Stack | 19/41,https://youtu.be/-EbvGaaua0w,1:44,Private,"Oct 5, 2026",Legacy AI module 1.2; use master index 19/41 and retain module label as a subtitle.,"Not inspected: slide numbers, narration, outros and end-screen configuration.","Compare tool inputs, outputs, cost limits and data policies using synthetic examples.",GAP: dedicated companion required,Missing dedicated companion,STOYql6QL2A,Private,1:24–1:44,Calculated final 20 seconds from Studio duration; placement not applied; inspect content first,Use accessible master Course until next lesson is released
20/41,STOYql6QL2A,Lesson 1.3 | Finding Your Top 3 Automation Opportunities,Finding Your Top 3 Automation Opportunities | 20/41,https://youtu.be/STOYql6QL2A,1:50,Private,"Oct 5, 2026",Legacy AI module 1.3; use master index 20/41 and retain module label as a subtitle.,"Not inspected: slide numbers, narration, outros and end-screen configuration.","Score three recurring tasks by frequency, effort and risk; choose one pilot.",GAP: dedicated companion required,Missing dedicated companion,gM4RTfQDpK4,Private,1:30–1:50,Calculated final 20 seconds from Studio duration; placement not applied; inspect content first,Use accessible master Course until next lesson is released
21/41,gM4RTfQDpK4,Lesson 1.4 | Setting Up Your First AI Workflow,Setting Up Your First AI Workflow | 21/41,https://youtu.be/gM4RTfQDpK4,1:49,Private,"Oct 5, 2026",Legacy AI module 1.4; use master index 21/41 and retain module label as a subtitle.,"Not inspected: slide numbers, narration, outros and end-screen configuration.","Pass a synthetic trigger through validate, transform, approve and record stages.",track-3-automation/lesson-21,Related supplementary practice; not a verified scene-for-scene match,CAGT6GDVvaY,Private,1:29–1:49,Calculated final 20 seconds from Studio duration; placement not applied; inspect content first,Use accessible master Course until next lesson is released
22/41,CAGT6GDVvaY,Lesson 2.1 | AI Chatbots For Your Website,AI Chatbots For Your Website | 22/41,https://youtu.be/CAGT6GDVvaY,1:46,Private,"Oct 5, 2026",Legacy AI module 2.1; use master index 22/41 and retain module label as a subtitle.,"Not inspected: slide numbers, narration, outros and end-screen configuration.",Answer a known FAQ from approved facts; escalate an unsupported question.,track-3-automation/lesson-31,Related supplementary practice; not a verified scene-for-scene match,gsK5gHSyuWE,Private,1:26–1:46,Calculated final 20 seconds from Studio duration; placement not applied; inspect content first,Use accessible master Course until next lesson is released
23/41,gsK5gHSyuWE,Lesson 2.2 | Automating Email Responses And Follow-Ups,Automating Email Responses And Follow-Ups | 23/41,https://youtu.be/gsK5gHSyuWE,1:41,Private,"Oct 5, 2026",Legacy AI module 2.2; use master index 23/41 and retain module label as a subtitle.,"Not inspected: slide numbers, narration, outros and end-screen configuration.",Draft an email from synthetic intake; require approval and suppress duplicate sends.,track-3-automation/lesson-25,Related supplementary practice; not a verified scene-for-scene match,FZa7f6789ZI,Private,1:21–1:41,Calculated final 20 seconds from Studio duration; placement not applied; inspect content first,Use accessible master Course until next lesson is released
24/41,FZa7f6789ZI,Lesson 2.3 | SMS And WhatsApp Automation,SMS And WhatsApp Automation | 24/41,https://youtu.be/FZa7f6789ZI,2:25,Private,"Oct 5, 2026",Legacy AI module 2.3; use master index 24/41 and retain module label as a subtitle.,"Not inspected: slide numbers, narration, outros and end-screen configuration.","Validate opt-in, destination and opt-out status before a simulated SMS.",GAP: dedicated companion required,Missing dedicated companion,y3GxeHyV-EM,Private,2:05–2:25,Calculated final 20 seconds from Studio duration; placement not applied; inspect content first,Use accessible master Course until next lesson is released
25/41,y3GxeHyV-EM,Lesson 2.4 | Managing Reviews And Reputation With AI,Managing Reviews And Reputation With AI | 25/41,https://youtu.be/y3GxeHyV-EM,1:45,Private,"Oct 5, 2026",Legacy AI module 2.4; use master index 25/41 and retain module label as a subtitle.,"Not inspected: slide numbers, narration, outros and end-screen configuration.",Draft a factual review reply; route complaints for human approval.,GAP: dedicated companion required,Missing dedicated companion,JQXHKivwrDQ,Private,1:25–1:45,Calculated final 20 seconds from Studio duration; placement not applied; inspect content first,Use accessible master Course until next lesson is released
26/41,JQXHKivwrDQ,Lesson 3.1 | Your AI Content Engine — The System,Your AI Content Engine — The System | 26/41,https://youtu.be/JQXHKivwrDQ,1:41,Private,"Oct 5, 2026",Legacy AI module 3.1; use master index 26/41 and retain module label as a subtitle.,"Not inspected: slide numbers, narration, outros and end-screen configuration.","Turn one approved brief into a draft, review and distribution queue.",track-3-automation/lesson-30,Related supplementary practice; not a verified scene-for-scene match,mK9mZJQFnqs,Private,1:21–1:41,Calculated final 20 seconds from Studio duration; placement not applied; inspect content first,Use accessible master Course until next lesson is released
27/41,mK9mZJQFnqs,"Lesson 3.2 | Blog Posts, Newsletters, Long-Form Content","Blog Posts, Newsletters, Long-Form Content | 27/41",https://youtu.be/mK9mZJQFnqs,1:46,Private,"Oct 5, 2026",Legacy AI module 3.2; use master index 27/41 and retain module label as a subtitle.,"Not inspected: slide numbers, narration, outros and end-screen configuration.",Generate an outline and draft from supplied facts; check every factual claim.,track-3-automation/lesson-29,Related supplementary practice; not a verified scene-for-scene match,Imbo1i2HQ5A,Private,1:26–1:46,Calculated final 20 seconds from Studio duration; placement not applied; inspect content first,Use accessible master Course until next lesson is released
28/41,Imbo1i2HQ5A,Lesson 3.3 | Social Media Content At Scale,Social Media Content At Scale | 28/41,https://youtu.be/Imbo1i2HQ5A,1:37,Private,"Oct 5, 2026",Legacy AI module 3.3; use master index 28/41 and retain module label as a subtitle.,"Not inspected: slide numbers, narration, outros and end-screen configuration.",Adapt one approved message to three platforms; check length and approval state.,track-3-automation/lesson-30,Related supplementary practice; not a verified scene-for-scene match,a2DIyRyergo,Private,1:17–1:37,Calculated final 20 seconds from Studio duration; placement not applied; inspect content first,Use accessible master Course until next lesson is released
29/41,a2DIyRyergo,Lesson 3.4 | Video And Audio Content With AI,Video And Audio Content With AI | 29/41,https://youtu.be/a2DIyRyergo,1:46,Private,"Oct 5, 2026",Legacy AI module 3.4; use master index 29/41 and retain module label as a subtitle.,"Not inspected: slide numbers, narration, outros and end-screen configuration.","Storyboard a short clip, review narration and captions, verify asset rights.",GAP: dedicated companion required,Missing dedicated companion,1sIApWK0T00,Private,1:26–1:46,Calculated final 20 seconds from Studio duration; placement not applied; inspect content first,Use accessible master Course until next lesson is released
30/41,1sIApWK0T00,Lesson 4.1 | AI-Powered Scheduling And Calendar Management,AI-Powered Scheduling And Calendar Management | 30/41,https://youtu.be/1sIApWK0T00,1:54,Private,"Oct 5, 2026",Legacy AI module 4.1; use master index 30/41 and retain module label as a subtitle.,"Not inspected: slide numbers, narration, outros and end-screen configuration.",Detect a timezone conflict and overlapping booking before a simulated event.,track-3-automation/lesson-32,Related supplementary practice; not a verified scene-for-scene match,yguls6WAqy0,Private,1:34–1:54,Calculated final 20 seconds from Studio duration; placement not applied; inspect content first,Use accessible master Course until next lesson is released
31/41,yguls6WAqy0,"Lesson 4.2 | Invoicing, Billing And Expense Tracking","Invoicing, Billing And Expense Tracking | 31/41",https://youtu.be/yguls6WAqy0,1:37,Private,"Oct 5, 2026",Legacy AI module 4.2; use master index 31/41 and retain module label as a subtitle.,"Not inspected: slide numbers, narration, outros and end-screen configuration.",Validate invoice totals and duplicate IDs; stage for approval without transferring money.,GAP: dedicated companion required,Missing dedicated companion,P0DeUubFaRc,Private,1:17–1:37,Calculated final 20 seconds from Studio duration; placement not applied; inspect content first,Use accessible master Course until next lesson is released
32/41,P0DeUubFaRc,Lesson 4.3 | Data Entry And Document Processing,Data Entry And Document Processing | 32/41,https://youtu.be/P0DeUubFaRc,1:36,Private,"Oct 5, 2026",Legacy AI module 4.3; use master index 32/41 and retain module label as a subtitle.,"Not inspected: slide numbers, narration, outros and end-screen configuration.",Extract synthetic document fields; reject missing values and low-confidence results.,track-3-automation/lesson-27,Related supplementary practice; not a verified scene-for-scene match,FeyPmDjP84M,Private,1:16–1:36,Calculated final 20 seconds from Studio duration; placement not applied; inspect content first,Use accessible master Course until next lesson is released
33/41,FeyPmDjP84M,Lesson 4.4 | Dashboards And Automated Reporting,Dashboards And Automated Reporting | 33/41,https://youtu.be/FeyPmDjP84M,1:24,Private,"Oct 5, 2026",Legacy AI module 4.4; use master index 33/41 and retain module label as a subtitle.,"Not inspected: slide numbers, narration, outros and end-screen configuration.",Calculate a report from a fixed input table and reconcile totals.,track-3-automation/lesson-38,Related supplementary practice; not a verified scene-for-scene match,3YOdasi1uWE,Private,1:04–1:24,Calculated final 20 seconds from Studio duration; placement not applied; inspect content first,Use accessible master Course until next lesson is released
34/41,3YOdasi1uWE,Lesson 5.1 | Workflow Design Thinking,Workflow Design Thinking | 34/41,https://youtu.be/3YOdasi1uWE,1:40,Private,"Oct 5, 2026",Legacy AI module 5.1; use master index 34/41 and retain module label as a subtitle.,"Not inspected: slide numbers, narration, outros and end-screen configuration.","Draw trigger, input, decisions, failure path, owner and success criterion.",track-3-automation/lesson-18,Related supplementary practice; not a verified scene-for-scene match,Ci02vAe0icM,Private,1:20–1:40,Calculated final 20 seconds from Studio duration; placement not applied; inspect content first,Use accessible master Course until next lesson is released
35/41,Ci02vAe0icM,Lesson 5.2 | Building Multi-Step Automations With Make,Building Multi-Step Automations With Make | 35/41,https://youtu.be/Ci02vAe0icM,1:29,Private,"Oct 5, 2026",Legacy AI module 5.2; use master index 35/41 and retain module label as a subtitle.,"Not inspected: slide numbers, narration, outros and end-screen configuration.",Design a Make router with success and error paths; reference JSON is not an import.,track-3-automation/lesson-34,Related supplementary practice; not a verified scene-for-scene match,hAGAU-mXb8U,Private,1:09–1:29,Calculated final 20 seconds from Studio duration; placement not applied; inspect content first,Use accessible master Course until next lesson is released
36/41,hAGAU-mXb8U,Lesson 5.3 | Custom GPTs And AI Assistants,Custom GPTs And AI Assistants | 36/41,https://youtu.be/hAGAU-mXb8U,1:43,Private,"Oct 5, 2026",Legacy AI module 5.3; use master index 36/41 and retain module label as a subtitle.,"Not inspected: slide numbers, narration, outros and end-screen configuration.","Test assistant instructions with supported, unsupported and malicious requests.",track-3-automation/lesson-20,Related supplementary practice; not a verified scene-for-scene match,s2u2it3ZNmQ,Private,1:23–1:43,Calculated final 20 seconds from Studio duration; placement not applied; inspect content first,Use accessible master Course until next lesson is released
37/41,s2u2it3ZNmQ,Lesson 5.4 | Integrating AI With Your Existing Tools,Integrating AI With Your Existing Tools | 37/41,https://youtu.be/s2u2it3ZNmQ,1:25,Private,"Oct 5, 2026",Legacy AI module 5.4; use master index 37/41 and retain module label as a subtitle.,"Not inspected: slide numbers, narration, outros and end-screen configuration.",Map source fields to destination fields and handle an API timeout safely.,track-3-automation/lesson-22,Related supplementary practice; not a verified scene-for-scene match,XnRWq8_ESmA,Private,1:05–1:25,Calculated final 20 seconds from Studio duration; placement not applied; inspect content first,Use accessible master Course until next lesson is released
38/41,XnRWq8_ESmA,Lesson 6.1 | Measuring Automation ROI,Measuring Automation ROI | 38/41,https://youtu.be/XnRWq8_ESmA,1:44,Private,"Oct 5, 2026",Legacy AI module 6.1; use master index 38/41 and retain module label as a subtitle.,"Not inspected: slide numbers, narration, outros and end-screen configuration.",Measure a baseline and pilot time; include review effort and tool cost.,GAP: dedicated companion required,Missing dedicated companion,xnL515DcruQ,Private,1:24–1:44,Calculated final 20 seconds from Studio duration; placement not applied; inspect content first,Use accessible master Course until next lesson is released
39/41,xnL515DcruQ,Lesson 6.2 | Scaling Automation Across Your Team,Scaling Automation Across Your Team | 39/41,https://youtu.be/xnL515DcruQ,1:31,Private,"Oct 5, 2026",Legacy AI module 6.2; use master index 39/41 and retain module label as a subtitle.,"Not inspected: slide numbers, narration, outros and end-screen configuration.",Assign owners and least-privilege roles; rehearse handoff and rollback.,GAP: dedicated companion required,Missing dedicated companion,L1dZlOv6ZjM,Private,1:11–1:31,Calculated final 20 seconds from Studio duration; placement not applied; inspect content first,Use accessible master Course until next lesson is released
40/41,L1dZlOv6ZjM,"Lesson 6.3 | Security, Privacy And Ethics","Security, Privacy And Ethics | 40/41",https://youtu.be/L1dZlOv6ZjM,1:43,Private,"Oct 5, 2026",Legacy AI module 6.3; use master index 40/41 and retain module label as a subtitle.,"Not inspected: slide numbers, narration, outros and end-screen configuration.","Redact sensitive fields, test secret handling and reject injected instructions.",track-3-automation/lesson-37,Related supplementary practice; not a verified scene-for-scene match,I9NPqYdgH4I,Private,1:23–1:43,Calculated final 20 seconds from Studio duration; placement not applied; inspect content first,Use accessible master Course until next lesson is released
41/41,I9NPqYdgH4I,Lesson 6.4 | Staying Ahead — Your AI Automation Roadmap,Staying Ahead — Your AI Automation Roadmap | 41/41,https://youtu.be/I9NPqYdgH4I,1:51,Private,"Oct 5, 2026",Legacy AI module 6.4; use master index 41/41 and retain module label as a subtitle.,"Not inspected: slide numbers, narration, outros and end-screen configuration.","Choose a next project, define a testable milestone and review the learning roadmap.",track-3-automation/lesson-41,Related supplementary practice; not a verified scene-for-scene match,,Completion,1:31–1:51,Calculated final 20 seconds from Studio duration; placement not applied; inspect content first,Use completion checklist and next-project guide
